Id,Series_reference,Period,STATUS,UNITS,Magnitude
1,MFGQ.SFA1CA,1992.12,F,Dollars,6
2,MFGQ.SFA1CA,1993.03,F,Dollars,6
3,MFGQ.SFA1CA,1993.06,F,Dollars,6
4,MFGQ.SFA1CA,1993.09,F,Dollars,6
5,MFGQ.SFA1CA,1993.12,F,Dollars,6
6,MFGQ.SFA1CA,1994.03,F,Dollars,6
7,MFGQ.SFA1CA,1994.06,F,Dollars,6
8,MFGQ.SFA1CA,1994.09,F,Dollars,6
9,MFGQ.SFA1CA,1994.12,F,Dollars,6
10,MFGQ.SFA1CA,1995.03,F,Dollars,6
11,MFGQ.SFA1CA,1995.06,F,Dollars,6
12,MFGQ.SFA1CA,1995.09,F,Dollars,6
13,MFGQ.SFA1CA,1995.12,F,Dollars,6
14,MFGQ.SFA1CA,1996.03,F,Dollars,6
15,MFGQ.SFA1CA,1996.06,F,Dollars,6
16,MFGQ.SFA1CA,1996.09,F,Dollars,6
17,MFGQ.SFA1CA,1996.12,F,Dollars,6
18,MFGQ.SFA1CA,1997.03,F,Dollars,6
19,MFGQ.SFA1CA,1997.06,F,Dollars,6
20,MFGQ.SFA1CA,1997.09,F,Dollars,6
21,MFGQ.SFA1CA,1997.12,F,Dollars,6
22,MFGQ.SFA1CA,1998.03,F,Dollars,6
23,MFGQ.SFA1CA,1998.06,F,Dollars,6
24,MFGQ.SFA1CA,1998.09,F,Dollars,6
25,MFGQ.SFA1CA,1998.12,F,Dollars,6
26,MFGQ.SFA1CA,1999.03,F,Dollars,6
27,MFGQ.SFA1CA,1999.06,F,Dollars,6
28,MFGQ.SFA1CA,1999.09,F,Dollars,6
29,MFGQ.SFA1CA,1999.12,F,Dollars,6
30,MFGQ.SFA1CA,2000.03,F,Dollars,6
31,MFGQ.SFA1CA,2000.06,F,Dollars,6
32,MFGQ.SFA1CA,2000.09,F,Dollars,6
33,MFGQ.SFA1CA,2000.12,F,Dollars,6
34,MFGQ.SFA1CA,2001.03,F,Dollars,6
35,MFGQ.SFA1CA,2001.06,F,Dollars,6
36,MFGQ.SFA1CA,2001.09,F,Dollars,6
37,MFGQ.SFA1CA,2001.12,F,Dollars,6
38,MFGQ.SFA1CA,2002.03,F,Dollars,6
39,MFGQ.SFA1CA,2002.06,F,Dollars,6
40,MFGQ.SFA1CA,2002.09,F,Dollars,6
41,MFGQ.SFA1CA,2002.12,F,Dollars,6
42,MFGQ.SFA1CA,2003.03,F,Dollars,6
43,MFGQ.SFA1CA,2003.06,F,Dollars,6
44,MFGQ.SFA1CA,2003.09,F,Dollars,6
45,MFGQ.SFA1CA,2003.12,F,Dollars,6
46,MFGQ.SFA1CA,2004.03,F,Dollars,6
47,MFGQ.SFA1CA,2004.06,F,Dollars,6
48,MFGQ.SFA1CA,2004.09,F,Dollars,6
49,MFGQ.SFA1CA,2004.12,F,Dollars,6
50,MFGQ.SFA1CA,2005.03,F,Dollars,6
51,MFGQ.SFA1CA,2005.06,F,Dollars,6
52,MFGQ.SFA1CA,2005.09,F,Dollars,6
53,MFGQ.SFA1CA,2005.12,F,Dollars,6
54,MFGQ.SFA1CA,2006.03,F,Dollars,6
55,MFGQ.SFA1CA,2006.06,F,Dollars,6
56,MFGQ.SFA1CA,2006.09,F,Dollars,6
57,MFGQ.SFA1CA,2006.12,F,Dollars,6
58,MFGQ.SFA1CA,2007.03,F,Dollars,6
59,MFGQ.SFA1CA,2007.06,F,Dollars,6
60,MFGQ.SFA1CA,2007.09,F,Dollars,6
61,MFGQ.SFA1CA,2007.12,F,Dollars,6
62,MFGQ.SFA1CA,2008.03,F,Dollars,6
63,MFGQ.SFA1CA,2008.06,F,Dollars,6
64,MFGQ.SFA1CA,2008.09,F,Dollars,6
65,MFGQ.SFA1CA,2008.12,F,Dollars,6
66,MFGQ.SFA1CA,2009.03,F,Dollars,6
67,MFGQ.SFA1CA,2009.06,F,Dollars,6
68,MFGQ.SFA1CA,2009.09,F,Dollars,6
69,MFGQ.SFA1CA,2009.12,F,Dollars,6
70,MFGQ.SFA1CA,2010.03,F,Dollars,6
71,MFGQ.SFA1CA,2010.06,F,Dollars,6
72,MFGQ.SFA1CA,2010.09,F,Dollars,6
73,MFGQ.SFA1CA,2010.12,F,Dollars,6
74,MFGQ.SFA1CA,2011.03,F,Dollars,6
75,MFGQ.SFA1CA,2011.06,F,Dollars,6
76,MFGQ.SFA1CA,2011.09,F,Dollars,6
77,MFGQ.SFA1CA,2011.12,F,Dollars,6
78,MFGQ.SFA1CA,2012.03,F,Dollars,6
79,MFGQ.SFA1CA,2012.06,F,Dollars,6
80,MFGQ.SFA1CA,2012.09,F,Dollars,6
81,MFGQ.SFA1CA,2012.12,F,Dollars,6
82,MFGQ.SFA1CA,2013.03,F,Dollars,6
83,MFGQ.SFA1CA,2013.06,F,Dollars,6
84,MFGQ.SFA1CA,2013.09,F,Dollars,6
85,MFGQ.SFA1CA,2013.12,F,Dollars,6
86,MFGQ.SFA1CA,2014.03,F,Dollars,6
87,MFGQ.SFA1CA,2014.06,F,Dollars,6
88,MFGQ.SFA1CA,2014.09,F,Dollars,6
89,MFGQ.SFA1CA,2014.12,F,Dollars,6
90,MFGQ.SFA1CA,2015.03,F,Dollars,6
91,MFGQ.SFA1CA,2015.06,F,Dollars,6
92,MFGQ.SFA1CA,2015.09,F,Dollars,6
93,MFGQ.SFA1CA,2015.12,F,Dollars,6
94,MFGQ.SFA1CA,2016.03,F,Dollars,6
95,MFGQ.SFA1CA,2016.06,F,Dollars,6
96,MFGQ.SFA1CA,2016.09,F,Dollars,6
97,MFGQ.SFA1CA,2016.12,F,Dollars,6
98,MFGQ.SFA1CA,2017.03,F,Dollars,6
99,MFGQ.SFA1CA,2017.06,F,Dollars,6
100,MFGQ.SFA1CA,2017.09,F,Dollars,6
101,MFGQ.SFA1CA,2017.12,F,Dollars,6
102,MFGQ.SFA1CA,2018.03,F,Dollars,6
103,MFGQ.SFA1CA,2018.06,F,Dollars,6
104,MFGQ.SFA1CA,2018.09,F,Dollars,6
105,MFGQ.SFA1CA,2018.12,F,Dollars,6
106,MFGQ.SFA1CA,2019.03,F,Dollars,6
107,MFGQ.SFA1CA,2019.06,F,Dollars,6
108,MFGQ.SFA1CA,2019.09,F,Dollars,6
109,MFGQ.SFA1CA,2019.12,F,Dollars,6
110,MFGQ.SFA1CA,2020.03,F,Dollars,6
111,MFGQ.SFA1CA,2020.06,F,Dollars,6
112,MFGQ.SFA1CA,2020.09,F,Dollars,6
113,MFGQ.SFA1CA,2020.12,F,Dollars,6
114,MFGQ.SFA1CA,2021.03,F,Dollars,6
115,MFGQ.SFA1CA,2021.06,F,Dollars,6
116,MFGQ.SFA1CA,2021.09,F,Dollars,6
117,MFGQ.SFA1CA,2021.12,F,Dollars,6
118,MFGQ.SFA1CA,2022.03,F,Dollars,6
119,MFGQ.SFA1CA,2022.06,F,Dollars,6
120,MFGQ.SFA1CA,2022.09,F,Dollars,6
121,MFGQ.SFA1CA,2022.12,F,Dollars,6
122,MFGQ.SFA1CA,2023.03,F,Dollars,6
123,MFGQ.SFA1CA,2023.06,F,Dollars,6
124,MFGQ.SFA1CA,2023.09,F,Dollars,6
125,MFGQ.SFA1CA,2023.12,F,Dollars,6
126,MFGQ.SFA1CA,2024.03,F,Dollars,6
127,MFGQ.SFA1CAAC,1993.12,F,PERCENT,0
128,MFGQ.SFA1CAAC,1994.03,F,PERCENT,0
129,MFGQ.SFA1CAAC,1994.06,F,PERCENT,0
130,MFGQ.SFA1CAAC,1994.09,F,PERCENT,0
131,MFGQ.SFA1CAAC,1994.12,F,PERCENT,0
132,MFGQ.SFA1CAAC,1995.03,F,PERCENT,0
133,MFGQ.SFA1CAAC,1995.06,F,PERCENT,0
134,MFGQ.SFA1CAAC,1995.09,F,PERCENT,0
135,MFGQ.SFA1CAAC,1995.12,F,PERCENT,0
136,MFGQ.SFA1CAAC,1996.03,F,PERCENT,0
137,MFGQ.SFA1CAAC,1996.06,F,PERCENT,0
138,MFGQ.SFA1CAAC,1996.09,F,PERCENT,0
139,MFGQ.SFA1CAAC,1996.12,F,PERCENT,0
140,MFGQ.SFA1CAAC,1997.03,F,PERCENT,0
141,MFGQ.SFA1CAAC,1997.06,F,PERCENT,0
142,MFGQ.SFA1CAAC,1997.09,F,PERCENT,0
143,MFGQ.SFA1CAAC,1997.12,F,PERCENT,0
144,MFGQ.SFA1CAAC,1998.03,F,PERCENT,0
145,MFGQ.SFA1CAAC,1998.06,F,PERCENT,0
146,MFGQ.SFA1CAAC,1998.09,F,PERCENT,0
147,MFGQ.SFA1CAAC,1998.12,F,PERCENT,0
148,MFGQ.SFA1CAAC,1999.03,F,PERCENT,0
149,MFGQ.SFA1CAAC,1999.06,F,PERCENT,0
150,MFGQ.SFA1CAAC,1999.09,F,PERCENT,0
151,MFGQ.SFA1CAAC,1999.12,F,PERCENT,0
152,MFGQ.SFA1CAAC,2000.03,F,PERCENT,0
153,MFGQ.SFA1CAAC,2000.06,F,PERCENT,0
154,MFGQ.SFA1CAAC,2000.09,F,PERCENT,0
155,MFGQ.SFA1CAAC,2000.12,F,PERCENT,0
156,MFGQ.SFA1CAAC,2001.03,F,PERCENT,0
157,MFGQ.SFA1CAAC,2001.06,F,PERCENT,0
158,MFGQ.SFA1CAAC,2001.09,F,PERCENT,0
159,MFGQ.SFA1CAAC,2001.12,F,PERCENT,0
160,MFGQ.SFA1CAAC,2002.03,F,PERCENT,0
161,MFGQ.SFA1CAAC,2002.06,F,PERCENT,0
162,MFGQ.SFA1CAAC,2002.09,F,PERCENT,0
163,MFGQ.SFA1CAAC,2002.12,F,PERCENT,0
164,MFGQ.SFA1CAAC,2003.03,F,PERCENT,0
165,MFGQ.SFA1CAAC,2003.06,F,PERCENT,0
166,MFGQ.SFA1CAAC,2003.09,F,PERCENT,0
167,MFGQ.SFA1CAAC,2003.12,F,PERCENT,0
168,MFGQ.SFA1CAAC,2004.03,F,PERCENT,0
169,MFGQ.SFA1CAAC,2004.06,F,PERCENT,0
170,MFGQ.SFA1CAAC,2004.09,F,PERCENT,0
171,MFGQ.SFA1CAAC,2004.12,F,PERCENT,0
172,MFGQ.SFA1CAAC,2005.03,F,PERCENT,0
173,MFGQ.SFA1CAAC,2005.06,F,PERCENT,0
174,MFGQ.SFA1CAAC,2005.09,F,PERCENT,0
175,MFGQ.SFA1CAAC,2005.12,F,PERCENT,0
176,MFGQ.SFA1CAAC,2006.03,F,PERCENT,0
177,MFGQ.SFA1CAAC,2006.06,F,PERCENT,0
178,MFGQ.SFA1CAAC,2006.09,F,PERCENT,0
179,MFGQ.SFA1CAAC,2006.12,F,PERCENT,0
180,MFGQ.SFA1CAAC,2007.03,F,PERCENT,0
181,MFGQ.SFA1CAAC,2007.06,F,PERCENT,0
182,MFGQ.SFA1CAAC,2007.09,F,PERCENT,0
183,MFGQ.SFA1CAAC,2007.12,F,PERCENT,0
184,MFGQ.SFA1CAAC,2008.03,F,PERCENT,0
185,MFGQ.SFA1CAAC,2008.06,F,PERCENT,0
186,MFGQ.SFA1CAAC,2008.09,F,PERCENT,0
187,MFGQ.SFA1CAAC,2008.12,F,PERCENT,0
188,MFGQ.SFA1CAAC,2009.03,F,PERCENT,0
189,MFGQ.SFA1CAAC,2009.06,F,PERCENT,0
190,MFGQ.SFA1CAAC,2009.09,F,PERCENT,0
191,MFGQ.SFA1CAAC,2009.12,F,PERCENT,0
192,MFGQ.SFA1CAAC,2010.03,F,PERCENT,0
193,MFGQ.SFA1CAAC,2010.06,F,PERCENT,0
194,MFGQ.SFA1CAAC,2010.09,F,PERCENT,0
195,MFGQ.SFA1CAAC,2010.12,F,PERCENT,0
196,MFGQ.SFA1CAAC,2011.03,F,PERCENT,0
197,MFGQ.SFA1CAAC,2011.06,F,PERCENT,0
198,MFGQ.SFA1CAAC,2011.09,F,PERCENT,0
199,MFGQ.SFA1CAAC,2011.12,F,PERCENT,0
200,MFGQ.SFA1CAAC,2012.03,F,PERCENT,0
201,MFGQ.SFA1CAAC,2012.06,F,PERCENT,0
202,MFGQ.SFA1CAAC,2012.09,F,PERCENT,0
203,MFGQ.SFA1CAAC,2012.12,F,PERCENT,0
204,MFGQ.SFA1CAAC,2013.03,F,PERCENT,0
205,MFGQ.SFA1CAAC,2013.06,F,PERCENT,0
206,MFGQ.SFA1CAAC,2013.09,F,PERCENT,0
207,MFGQ.SFA1CAAC,2013.12,F,PERCENT,0
208,MFGQ.SFA1CAAC,2014.03,F,PERCENT,0
209,MFGQ.SFA1CAAC,2014.06,F,PERCENT,0
210,MFGQ.SFA1CAAC,2014.09,F,PERCENT,0
211,MFGQ.SFA1CAAC,2014.12,F,PERCENT,0
212,MFGQ.SFA1CAAC,2015.03,F,PERCENT,0
213,MFGQ.SFA1CAAC,2015.06,F,PERCENT,0
214,MFGQ.SFA1CAAC,2015.09,F,PERCENT,0
215,MFGQ.SFA1CAAC,2015.12,F,PERCENT,0
216,MFGQ.SFA1CAAC,2016.03,F,PERCENT,0
217,MFGQ.SFA1CAAC,2016.06,F,PERCENT,0
218,MFGQ.SFA1CAAC,2016.09,F,PERCENT,0
219,MFGQ.SFA1CAAC,2016.12,F,PERCENT,0
220,MFGQ.SFA1CAAC,2017.03,F,PERCENT,0
221,MFGQ.SFA1CAAC,2017.06,F,PERCENT,0
222,MFGQ.SFA1CAAC,2017.09,F,PERCENT,0
223,MFGQ.SFA1CAAC,2017.12,F,PERCENT,0
224,MFGQ.SFA1CAAC,2018.03,F,PERCENT,0
225,MFGQ.SFA1CAAC,2018.06,F,PERCENT,0
226,MFGQ.SFA1CAAC,2018.09,F,PERCENT,0
227,MFGQ.SFA1CAAC,2018.12,F,PERCENT,0
228,MFGQ.SFA1CAAC,2019.03,F,PERCENT,0
229,MFGQ.SFA1CAAC,2019.06,F,PERCENT,0
230,MFGQ.SFA1CAAC,2019.09,F,PERCENT,0
231,MFGQ.SFA1CAAC,2019.12,F,PERCENT,0
232,MFGQ.SFA1CAAC,2020.03,F,PERCENT,0
233,MFGQ.SFA1CAAC,2020.06,F,PERCENT,0
234,MFGQ.SFA1CAAC,2020.09,F,PERCENT,0
235,MFGQ.SFA1CAAC,2020.12,F,PERCENT,0
236,MFGQ.SFA1CAAC,2021.03,F,PERCENT,0
237,MFGQ.SFA1CAAC,2021.06,F,PERCENT,0
238,MFGQ.SFA1CAAC,2021.09,F,PERCENT,0
239,MFGQ.SFA1CAAC,2021.12,F,PERCENT,0
240,MFGQ.SFA1CAAC,2022.03,F,PERCENT,0
241,MFGQ.SFA1CAAC,2022.06,F,PERCENT,0
242,MFGQ.SFA1CAAC,2022.09,F,PERCENT,0
243,MFGQ.SFA1CAAC,2022.12,F,PERCENT,0
244,MFGQ.SFA1CAAC,2023.03,F,PERCENT,0
245,MFGQ.SFA1CAAC,2023.06,F,PERCENT,0
246,MFGQ.SFA1CAAC,2023.09,F,PERCENT,0
247,MFGQ.SFA1CAAC,2023.12,F,PERCENT,0
248,MFGQ.SFA1CAAC,2024.03,F,PERCENT,0
249,MFGQ.SFA1CS,1992.12,C,Dollars,6
250,MFGQ.SFA1CS,1993.03,C,Dollars,6
251,MFGQ.SFA1CS,1993.06,C,Dollars,6
252,MFGQ.SFA1CS,1993.09,C,Dollars,6
253,MFGQ.SFA1CS,1993.12,C,Dollars,6
254,MFGQ.SFA1CS,1994.03,C,Dollars,6
255,MFGQ.SFA1CS,1994.06,C,Dollars,6
256,MFGQ.SFA1CS,1994.09,C,Dollars,6
257,MFGQ.SFA1CS,1994.12,C,Dollars,6
258,MFGQ.SFA1CS,1995.03,R,Dollars,6
259,MFGQ.SFA1CS,1995.06,R,Dollars,6
260,MFGQ.SFA1CS,1995.09,R,Dollars,6
261,MFGQ.SFA1CS,1995.12,R,Dollars,6
262,MFGQ.SFA1CS,1996.03,R,Dollars,6
263,MFGQ.SFA1CS,1996.06,R,Dollars,6
264,MFGQ.SFA1CS,1996.09,R,Dollars,6
265,MFGQ.SFA1CS,1996.12,R,Dollars,6
266,MFGQ.SFA1CS,1997.03,R,Dollars,6
267,MFGQ.SFA1CS,1997.06,R,Dollars,6
268,MFGQ.SFA1CS,1997.09,R,Dollars,6
269,MFGQ.SFA1CS,1997.12,R,Dollars,6
270,MFGQ.SFA1CS,1998.03,R,Dollars,6
271,MFGQ.SFA1CS,1998.06,R,Dollars,6
272,MFGQ.SFA1CS,1998.09,R,Dollars,6
273,MFGQ.SFA1CS,1998.12,R,Dollars,6
274,MFGQ.SFA1CS,1999.03,R,Dollars,6
275,MFGQ.SFA1CS,1999.06,R,Dollars,6
276,MFGQ.SFA1CS,1999.09,R,Dollars,6
277,MFGQ.SFA1CS,1999.12,R,Dollars,6
278,MFGQ.SFA1CS,2000.03,R,Dollars,6
279,MFGQ.SFA1CS,2000.06,R,Dollars,6
280,MFGQ.SFA1CS,2000.09,R,Dollars,6
281,MFGQ.SFA1CS,2000.12,R,Dollars,6
282,MFGQ.SFA1CS,2001.03,R,Dollars,6
283,MFGQ.SFA1CS,2001.06,R,Dollars,6
284,MFGQ.SFA1CS,2001.09,R,Dollars,6
285,MFGQ.SFA1CS,2001.12,R,Dollars,6
286,MFGQ.SFA1CS,2002.03,R,Dollars,6
287,MFGQ.SFA1CS,2002.06,R,Dollars,6
288,MFGQ.SFA1CS,2002.09,R,Dollars,6
289,MFGQ.SFA1CS,2002.12,R,Dollars,6
290,MFGQ.SFA1CS,2003.03,R,Dollars,6
291,MFGQ.SFA1CS,2003.06,R,Dollars,6
292,MFGQ.SFA1CS,2003.09,R,Dollars,6
293,MFGQ.SFA1CS,2003.12,R,Dollars,6
294,MFGQ.SFA1CS,2004.03,R,Dollars,6
295,MFGQ.SFA1CS,2004.06,R,Dollars,6
296,MFGQ.SFA1CS,2004.09,R,Dollars,6
297,MFGQ.SFA1CS,2004.12,R,Dollars,6
298,MFGQ.SFA1CS,2005.03,R,Dollars,6
299,MFGQ.SFA1CS,2005.06,R,Dollars,6
300,MFGQ.SFA1CS,2005.09,R,Dollars,6
301,MFGQ.SFA1CS,2005.12,R,Dollars,6
302,MFGQ.SFA1CS,2006.03,R,Dollars,6
303,MFGQ.SFA1CS,2006.06,R,Dollars,6
304,MFGQ.SFA1CS,2006.09,R,Dollars,6
305,MFGQ.SFA1CS,2006.12,R,Dollars,6
306,MFGQ.SFA1CS,2007.03,R,Dollars,6
307,MFGQ.SFA1CS,2007.06,R,Dollars,6
308,MFGQ.SFA1CS,2007.09,R,Dollars,6
309,MFGQ.SFA1CS,2007.12,R,Dollars,6
310,MFGQ.SFA1CS,2008.03,R,Dollars,6
311,MFGQ.SFA1CS,2008.06,R,Dollars,6
312,MFGQ.SFA1CS,2008.09,R,Dollars,6
313,MFGQ.SFA1CS,2008.12,R,Dollars,6
314,MFGQ.SFA1CS,2009.03,R,Dollars,6
315,MFGQ.SFA1CS,2009.06,R,Dollars,6
316,MFGQ.SFA1CS,2009.09,R,Dollars,6
317,MFGQ.SFA1CS,2009.12,R,Dollars,6
318,MFGQ.SFA1CS,2010.03,R,Dollars,6
319,MFGQ.SFA1CS,2010.06,R,Dollars,6
320,MFGQ.SFA1CS,2010.09,R,Dollars,6
321,MFGQ.SFA1CS,2010.12,R,Dollars,6
322,MFGQ.SFA1CS,2011.03,R,Dollars,6
323,MFGQ.SFA1CS,2011.06,R,Dollars,6
324,MFGQ.SFA1CS,2011.09,R,Dollars,6
325,MFGQ.SFA1CS,2011.12,R,Dollars,6
326,MFGQ.SFA1CS,2012.03,R,Dollars,6
327,MFGQ.SFA1CS,2012.06,R,Dollars,6
328,MFGQ.SFA1CS,2012.09,R,Dollars,6
329,MFGQ.SFA1CS,2012.12,R,Dollars,6
330,MFGQ.SFA1CS,2013.03,R,Dollars,6
331,MFGQ.SFA1CS,2013.06,R,Dollars,6
332,MFGQ.SFA1CS,2013.09,R,Dollars,6
333,MFGQ.SFA1CS,2013.12,R,Dollars,6
334,MFGQ.SFA1CS,2014.03,R,Dollars,6
335,MFGQ.SFA1CS,2014.06,R,Dollars,6
336,MFGQ.SFA1CS,2014.09,R,Dollars,6
337,MFGQ.SFA1CS,2014.12,R,Dollars,6
338,MFGQ.SFA1CS,2015.03,R,Dollars,6
339,MFGQ.SFA1CS,2015.06,R,Dollars,6
340,MFGQ.SFA1CS,2015.09,R,Dollars,6
341,MFGQ.SFA1CS,2015.12,R,Dollars,6
342,MFGQ.SFA1CS,2016.03,R,Dollars,6
343,MFGQ.SFA1CS,2016.06,R,Dollars,6
344,MFGQ.SFA1CS,2016.09,R,Dollars,6
345,MFGQ.SFA1CS,2016.12,R,Dollars,6
346,MFGQ.SFA1CS,2017.03,R,Dollars,6
347,MFGQ.SFA1CS,2017.06,R,Dollars,6
348,MFGQ.SFA1CS,2017.09,R,Dollars,6
349,MFGQ.SFA1CS,2017.12,R,Dollars,6
350,MFGQ.SFA1CS,2018.03,R,Dollars,6
351,MFGQ.SFA1CS,2018.06,R,Dollars,6
352,MFGQ.SFA1CS,2018.09,R,Dollars,6
353,MFGQ.SFA1CS,2018.12,R,Dollars,6
354,MFGQ.SFA1CS,2019.03,R,Dollars,6
355,MFGQ.SFA1CS,2019.06,R,Dollars,6
356,MFGQ.SFA1CS,2019.09,R,Dollars,6
357,MFGQ.SFA1CS,2019.12,R,Dollars,6
358,MFGQ.SFA1CS,2020.03,R,Dollars,6
359,MFGQ.SFA1CS,2020.06,R,Dollars,6
360,MFGQ.SFA1CS,2020.09,R,Dollars,6
361,MFGQ.SFA1CS,2020.12,R,Dollars,6
362,MFGQ.SFA1CS,2021.03,R,Dollars,6
363,MFGQ.SFA1CS,2021.06,R,Dollars,6
364,MFGQ.SFA1CS,2021.09,R,Dollars,6
365,MFGQ.SFA1CS,2021.12,R,Dollars,6
366,MFGQ.SFA1CS,2022.03,R,Dollars,6
367,MFGQ.SFA1CS,2022.06,R,Dollars,6
368,MFGQ.SFA1CS,2022.09,R,Dollars,6
369,MFGQ.SFA1CS,2022.12,R,Dollars,6
370,MFGQ.SFA1CS,2023.03,R,Dollars,6
371,MFGQ.SFA1CS,2023.06,R,Dollars,6
372,MFGQ.SFA1CS,2023.09,R,Dollars,6
373,MFGQ.SFA1CS,2023.12,R,Dollars,6
374,MFGQ.SFA1CS,2024.03,F,Dollars,6
375,MFGQ.SFA1CSPC,1995.06,R,PERCENT,0
376,MFGQ.SFA1CSPC,1995.09,R,PERCENT,0
377,MFGQ.SFA1CSPC,1995.12,R,PERCENT,0
378,MFGQ.SFA1CSPC,1996.03,R,PERCENT,0
379,MFGQ.SFA1CSPC,1996.06,R,PERCENT,0
380,MFGQ.SFA1CSPC,1996.09,R,PERCENT,0
381,MFGQ.SFA1CSPC,1996.12,R,PERCENT,0
382,MFGQ.SFA1CSPC,1997.03,R,PERCENT,0
383,MFGQ.SFA1CSPC,1997.06,R,PERCENT,0
384,MFGQ.SFA1CSPC,1997.09,R,PERCENT,0
385,MFGQ.SFA1CSPC,1997.12,R,PERCENT,0
386,MFGQ.SFA1CSPC,1998.03,R,PERCENT,0
387,MFGQ.SFA1CSPC,1998.06,R,PERCENT,0
388,MFGQ.SFA1CSPC,1998.09,R,PERCENT,0
389,MFGQ.SFA1CSPC,1998.12,R,PERCENT,0
390,MFGQ.SFA1CSPC,1999.03,R,PERCENT,0
391,MFGQ.SFA1CSPC,1999.06,R,PERCENT,0
392,MFGQ.SFA1CSPC,1999.09,R,PERCENT,0
393,MFGQ.SFA1CSPC,1999.12,R,PERCENT,0
394,MFGQ.SFA1CSPC,2000.03,R,PERCENT,0
395,MFGQ.SFA1CSPC,2000.06,R,PERCENT,0
396,MFGQ.SFA1CSPC,2000.09,R,PERCENT,0
397,MFGQ.SFA1CSPC,2000.12,R,PERCENT,0
398,MFGQ.SFA1CSPC,2001.03,R,PERCENT,0
399,MFGQ.SFA1CSPC,2001.06,R,PERCENT,0
400,MFGQ.SFA1CSPC,2001.09,R,PERCENT,0
401,MFGQ.SFA1CSPC,2001.12,R,PERCENT,0
402,MFGQ.SFA1CSPC,2002.03,R,PERCENT,0
403,MFGQ.SFA1CSPC,2002.06,R,PERCENT,0
404,MFGQ.SFA1CSPC,2002.09,R,PERCENT,0
405,MFGQ.SFA1CSPC,2002.12,R,PERCENT,0
406,MFGQ.SFA1CSPC,2003.03,R,PERCENT,0
407,MFGQ.SFA1CSPC,2003.06,R,PERCENT,0
408,MFGQ.SFA1CSPC,2003.09,R,PERCENT,0
409,MFGQ.SFA1CSPC,2003.12,R,PERCENT,0
410,MFGQ.SFA1CSPC,2004.03,R,PERCENT,0
411,MFGQ.SFA1CSPC,2004.06,R,PERCENT,0
412,MFGQ.SFA1CSPC,2004.09,R,PERCENT,0
413,MFGQ.SFA1CSPC,2004.12,R,PERCENT,0
414,MFGQ.SFA1CSPC,2005.03,R,PERCENT,0
415,MFGQ.SFA1CSPC,2005.06,R,PERCENT,0
416,MFGQ.SFA1CSPC,2005.09,R,PERCENT,0
417,MFGQ.SFA1CSPC,2005.12,R,PERCENT,0
418,MFGQ.SFA1CSPC,2006.03,R,PERCENT,0
419,MFGQ.SFA1CSPC,2006.06,R,PERCENT,0
420,MFGQ.SFA1CSPC,2006.09,R,PERCENT,0
421,MFGQ.SFA1CSPC,2006.12,R,PERCENT,0
422,MFGQ.SFA1CSPC,2007.03,R,PERCENT,0
423,MFGQ.SFA1CSPC,2007.06,R,PERCENT,0
424,MFGQ.SFA1CSPC,2007.09,R,PERCENT,0
425,MFGQ.SFA1CSPC,2007.12,R,PERCENT,0
426,MFGQ.SFA1CSPC,2008.03,R,PERCENT,0
427,MFGQ.SFA1CSPC,2008.06,R,PERCENT,0
428,MFGQ.SFA1CSPC,2008.09,R,PERCENT,0
429,MFGQ.SFA1CSPC,2008.12,R,PERCENT,0
430,MFGQ.SFA1CSPC,2009.03,R,PERCENT,0
431,MFGQ.SFA1CSPC,2009.06,R,PERCENT,0
432,MFGQ.SFA1CSPC,2009.09,R,PERCENT,0
433,MFGQ.SFA1CSPC,2009.12,R,PERCENT,0
434,MFGQ.SFA1CSPC,2010.03,R,PERCENT,0
435,MFGQ.SFA1CSPC,2010.06,R,PERCENT,0
436,MFGQ.SFA1CSPC,2010.09,R,PERCENT,0
437,MFGQ.SFA1CSPC,2010.12,R,PERCENT,0
438,MFGQ.SFA1CSPC,2011.03,R,PERCENT,0
439,MFGQ.SFA1CSPC,2011.06,R,PERCENT,0
440,MFGQ.SFA1CSPC,2011.09,R,PERCENT,0
441,MFGQ.SFA1CSPC,2011.12,R,PERCENT,0
442,MFGQ.SFA1CSPC,2012.03,R,PERCENT,0
443,MFGQ.SFA1CSPC,2012.06,R,PERCENT,0
444,MFGQ.SFA1CSPC,2012.09,R,PERCENT,0
445,MFGQ.SFA1CSPC,2012.12,R,PERCENT,0
446,MFGQ.SFA1CSPC,2013.03,R,PERCENT,0
447,MFGQ.SFA1CSPC,2013.06,R,PERCENT,0
448,MFGQ.SFA1CSPC,2013.09,R,PERCENT,0
449,MFGQ.SFA1CSPC,2013.12,R,PERCENT,0
450,MFGQ.SFA1CSPC,2014.03,R,PERCENT,0
451,MFGQ.SFA1CSPC,2014.06,R,PERCENT,0
452,MFGQ.SFA1CSPC,2014.09,R,PERCENT,0
453,MFGQ.SFA1CSPC,2014.12,R,PERCENT,0
454,MFGQ.SFA1CSPC,2015.03,R,PERCENT,0
455,MFGQ.SFA1CSPC,2015.06,R,PERCENT,0
456,MFGQ.SFA1CSPC,2015.09,R,PERCENT,0
457,MFGQ.SFA1CSPC,2015.12,R,PERCENT,0
458,MFGQ.SFA1CSPC,2016.03,R,PERCENT,0
459,MFGQ.SFA1CSPC,2016.06,R,PERCENT,0
460,MFGQ.SFA1CSPC,2016.09,R,PERCENT,0
461,MFGQ.SFA1CSPC,2016.12,R,PERCENT,0
462,MFGQ.SFA1CSPC,2017.03,R,PERCENT,0
463,MFGQ.SFA1CSPC,2017.06,R,PERCENT,0
464,MFGQ.SFA1CSPC,2017.09,R,PERCENT,0
465,MFGQ.SFA1CSPC,2017.12,R,PERCENT,0
466,MFGQ.SFA1CSPC,2018.03,R,PERCENT,0
467,MFGQ.SFA1CSPC,2018.06,R,PERCENT,0
468,MFGQ.SFA1CSPC,2018.09,R,PERCENT,0
469,MFGQ.SFA1CSPC,2018.12,R,PERCENT,0
470,MFGQ.SFA1CSPC,2019.03,R,PERCENT,0
471,MFGQ.SFA1CSPC,2019.06,R,PERCENT,0
472,MFGQ.SFA1CSPC,2019.09,R,PERCENT,0
473,MFGQ.SFA1CSPC,2019.12,R,PERCENT,0
474,MFGQ.SFA1CSPC,2020.03,R,PERCENT,0
475,MFGQ.SFA1CSPC,2020.06,R,PERCENT,0
476,MFGQ.SFA1CSPC,2020.09,R,PERCENT,0
477,MFGQ.SFA1CSPC,2020.12,R,PERCENT,0
478,MFGQ.SFA1CSPC,2021.03,R,PERCENT,0
479,MFGQ.SFA1CSPC,2021.06,R,PERCENT,0
480,MFGQ.SFA1CSPC,2021.09,R,PERCENT,0
481,MFGQ.SFA1CSPC,2021.12,R,PERCENT,0
482,MFGQ.SFA1CSPC,2022.03,R,PERCENT,0
483,MFGQ.SFA1CSPC,2022.06,R,PERCENT,0
484,MFGQ.SFA1CSPC,2022.09,R,PERCENT,0
485,MFGQ.SFA1CSPC,2022.12,R,PERCENT,0
486,MFGQ.SFA1CSPC,2023.03,R,PERCENT,0
487,MFGQ.SFA1CSPC,2023.06,R,PERCENT,0
488,MFGQ.SFA1CSPC,2023.09,R,PERCENT,0
489,MFGQ.SFA1CSPC,2023.12,R,PERCENT,0
490,MFGQ.SFA1CSPC,2024.03,F,PERCENT,0
491,MFGQ.SFA1CT,1992.12,C,Dollars,6
492,MFGQ.SFA1CT,1993.03,C,Dollars,6
493,MFGQ.SFA1CT,1993.06,C,Dollars,6
494,MFGQ.SFA1CT,1993.09,C,Dollars,6
495,MFGQ.SFA1CT,1993.12,C,Dollars,6
496,MFGQ.SFA1CT,1994.03,C,Dollars,6
497,MFGQ.SFA1CT,1994.06,C,Dollars,6
498,MFGQ.SFA1CT,1994.09,C,Dollars,6
499,MFGQ.SFA1CT,1994.12,C,Dollars,6
500,MFGQ.SFA1CT,1995.03,R,Dollars,6
501,MFGQ.SFA1CT,1995.06,R,Dollars,6
502,MFGQ.SFA1CT,1995.09,R,Dollars,6
503,MFGQ.SFA1CT,1995.12,R,Dollars,6
504,MFGQ.SFA1CT,1996.03,R,Dollars,6
505,MFGQ.SFA1CT,1996.06,R,Dollars,6
506,MFGQ.SFA1CT,1996.09,R,Dollars,6
507,MFGQ.SFA1CT,1996.12,R,Dollars,6
508,MFGQ.SFA1CT,1997.03,R,Dollars,6
509,MFGQ.SFA1CT,1997.06,R,Dollars,6
510,MFGQ.SFA1CT,1997.09,R,Dollars,6
511,MFGQ.SFA1CT,1997.12,R,Dollars,6
512,MFGQ.SFA1CT,1998.03,R,Dollars,6
513,MFGQ.SFA1CT,1998.06,R,Dollars,6
514,MFGQ.SFA1CT,1998.09,R,Dollars,6
515,MFGQ.SFA1CT,1998.12,R,Dollars,6
516,MFGQ.SFA1CT,1999.03,R,Dollars,6
517,MFGQ.SFA1CT,1999.06,R,Dollars,6
518,MFGQ.SFA1CT,1999.09,R,Dollars,6
519,MFGQ.SFA1CT,1999.12,R,Dollars,6
520,MFGQ.SFA1CT,2000.03,R,Dollars,6
521,MFGQ.SFA1CT,2000.06,R,Dollars,6
522,MFGQ.SFA1CT,2000.09,R,Dollars,6
523,MFGQ.SFA1CT,2000.12,R,Dollars,6
524,MFGQ.SFA1CT,2001.03,R,Dollars,6
525,MFGQ.SFA1CT,2001.06,R,Dollars,6
526,MFGQ.SFA1CT,2001.09,R,Dollars,6
527,MFGQ.SFA1CT,2001.12,R,Dollars,6
528,MFGQ.SFA1CT,2002.03,R,Dollars,6
529,MFGQ.SFA1CT,2002.06,R,Dollars,6
530,MFGQ.SFA1CT,2002.09,R,Dollars,6
531,MFGQ.SFA1CT,2002.12,R,Dollars,6
532,MFGQ.SFA1CT,2003.03,R,Dollars,6
533,MFGQ.SFA1CT,2003.06,R,Dollars,6
534,MFGQ.SFA1CT,2003.09,R,Dollars,6
535,MFGQ.SFA1CT,2003.12,R,Dollars,6
536,MFGQ.SFA1CT,2004.03,R,Dollars,6
537,MFGQ.SFA1CT,2004.06,R,Dollars,6
538,MFGQ.SFA1CT,2004.09,R,Dollars,6
539,MFGQ.SFA1CT,2004.12,R,Dollars,6
540,MFGQ.SFA1CT,2005.03,R,Dollars,6
541,MFGQ.SFA1CT,2005.06,R,Dollars,6
542,MFGQ.SFA1CT,2005.09,R,Dollars,6
543,MFGQ.SFA1CT,2005.12,R,Dollars,6
544,MFGQ.SFA1CT,2006.03,R,Dollars,6
545,MFGQ.SFA1CT,2006.06,R,Dollars,6
546,MFGQ.SFA1CT,2006.09,R,Dollars,6
547,MFGQ.SFA1CT,2006.12,R,Dollars,6
548,MFGQ.SFA1CT,2007.03,R,Dollars,6
549,MFGQ.SFA1CT,2007.06,R,Dollars,6
550,MFGQ.SFA1CT,2007.09,R,Dollars,6
551,MFGQ.SFA1CT,2007.12,R,Dollars,6
552,MFGQ.SFA1CT,2008.03,R,Dollars,6
553,MFGQ.SFA1CT,2008.06,R,Dollars,6
554,MFGQ.SFA1CT,2008.09,R,Dollars,6
555,MFGQ.SFA1CT,2008.12,R,Dollars,6
556,MFGQ.SFA1CT,2009.03,R,Dollars,6
557,MFGQ.SFA1CT,2009.06,R,Dollars,6
558,MFGQ.SFA1CT,2009.09,R,Dollars,6
559,MFGQ.SFA1CT,2009.12,R,Dollars,6
560,MFGQ.SFA1CT,2010.03,R,Dollars,6
561,MFGQ.SFA1CT,2010.06,R,Dollars,6
562,MFGQ.SFA1CT,2010.09,R,Dollars,6
563,MFGQ.SFA1CT,2010.12,R,Dollars,6
564,MFGQ.SFA1CT,2011.03,R,Dollars,6
565,MFGQ.SFA1CT,2011.06,R,Dollars,6
566,MFGQ.SFA1CT,2011.09,R,Dollars,6
567,MFGQ.SFA1CT,2011.12,R,Dollars,6
568,MFGQ.SFA1CT,2012.03,R,Dollars,6
569,MFGQ.SFA1CT,2012.06,R,Dollars,6
570,MFGQ.SFA1CT,2012.09,R,Dollars,6
571,MFGQ.SFA1CT,2012.12,R,Dollars,6
572,MFGQ.SFA1CT,2013.03,R,Dollars,6
573,MFGQ.SFA1CT,2013.06,R,Dollars,6
574,MFGQ.SFA1CT,2013.09,R,Dollars,6
575,MFGQ.SFA1CT,2013.12,R,Dollars,6
576,MFGQ.SFA1CT,2014.03,R,Dollars,6
577,MFGQ.SFA1CT,2014.06,R,Dollars,6
578,MFGQ.SFA1CT,2014.09,R,Dollars,6
579,MFGQ.SFA1CT,2014.12,R,Dollars,6
580,MFGQ.SFA1CT,2015.03,R,Dollars,6
581,MFGQ.SFA1CT,2015.06,R,Dollars,6
582,MFGQ.SFA1CT,2015.09,R,Dollars,6
583,MFGQ.SFA1CT,2015.12,R,Dollars,6
584,MFGQ.SFA1CT,2016.03,R,Dollars,6
585,MFGQ.SFA1CT,2016.06,R,Dollars,6
586,MFGQ.SFA1CT,2016.09,R,Dollars,6
587,MFGQ.SFA1CT,2016.12,R,Dollars,6
588,MFGQ.SFA1CT,2017.03,R,Dollars,6
589,MFGQ.SFA1CT,2017.06,R,Dollars,6
590,MFGQ.SFA1CT,2017.09,R,Dollars,6
591,MFGQ.SFA1CT,2017.12,R,Dollars,6
592,MFGQ.SFA1CT,2018.03,R,Dollars,6
593,MFGQ.SFA1CT,2018.06,R,Dollars,6
594,MFGQ.SFA1CT,2018.09,R,Dollars,6
595,MFGQ.SFA1CT,2018.12,R,Dollars,6
596,MFGQ.SFA1CT,2019.03,R,Dollars,6
597,MFGQ.SFA1CT,2019.06,R,Dollars,6
598,MFGQ.SFA1CT,2019.09,R,Dollars,6
599,MFGQ.SFA1CT,2019.12,R,Dollars,6
600,MFGQ.SFA1CT,2020.03,C,Dollars,6
601,MFGQ.SFA1CT,2020.06,C,Dollars,6
602,MFGQ.SFA1CT,2020.09,C,Dollars,6
603,MFGQ.SFA1CT,2020.12,C,Dollars,6
604,MFGQ.SFA1CT,2021.03,C,Dollars,6
605,MFGQ.SFA1CT,2021.06,C,Dollars,6
606,MFGQ.SFA1CT,2021.09,C,Dollars,6
607,MFGQ.SFA1CT,2021.12,C,Dollars,6
608,MFGQ.SFA1CT,2022.03,C,Dollars,6
609,MFGQ.SFA1CT,2022.06,C,Dollars,6
610,MFGQ.SFA1CT,2022.09,C,Dollars,6
611,MFGQ.SFA1CT,2022.12,C,Dollars,6
612,MFGQ.SFA1CT,2023.03,C,Dollars,6
613,MFGQ.SFA1CT,2023.06,C,Dollars,6
614,MFGQ.SFA1CT,2023.09,C,Dollars,6
615,MFGQ.SFA1CT,2023.12,C,Dollars,6
616,MFGQ.SFA1CT,2024.03,C,Dollars,6
617,MFGQ.SFA1KA,1994.06,F,Dollars,6
618,MFGQ.SFA1KA,1994.09,F,Dollars,6
619,MFGQ.SFA1KA,1994.12,F,Dollars,6
620,MFGQ.SFA1KA,1995.03,F,Dollars,6
621,MFGQ.SFA1KA,1995.06,F,Dollars,6
622,MFGQ.SFA1KA,1995.09,F,Dollars,6
623,MFGQ.SFA1KA,1995.12,F,Dollars,6
624,MFGQ.SFA1KA,1996.03,F,Dollars,6
625,MFGQ.SFA1KA,1996.06,F,Dollars,6
626,MFGQ.SFA1KA,1996.09,F,Dollars,6
627,MFGQ.SFA1KA,1996.12,F,Dollars,6
628,MFGQ.SFA1KA,1997.03,F,Dollars,6
629,MFGQ.SFA1KA,1997.06,F,Dollars,6
630,MFGQ.SFA1KA,1997.09,F,Dollars,6
631,MFGQ.SFA1KA,1997.12,F,Dollars,6
632,MFGQ.SFA1KA,1998.03,F,Dollars,6
633,MFGQ.SFA1KA,1998.06,F,Dollars,6
634,MFGQ.SFA1KA,1998.09,F,Dollars,6
635,MFGQ.SFA1KA,1998.12,F,Dollars,6
636,MFGQ.SFA1KA,1999.03,F,Dollars,6
637,MFGQ.SFA1KA,1999.06,F,Dollars,6
638,MFGQ.SFA1KA,1999.09,F,Dollars,6
639,MFGQ.SFA1KA,1999.12,F,Dollars,6
640,MFGQ.SFA1KA,2000.03,F,Dollars,6
641,MFGQ.SFA1KA,2000.06,F,Dollars,6
642,MFGQ.SFA1KA,2000.09,F,Dollars,6
643,MFGQ.SFA1KA,2000.12,F,Dollars,6
644,MFGQ.SFA1KA,2001.03,F,Dollars,6
645,MFGQ.SFA1KA,2001.06,F,Dollars,6
646,MFGQ.SFA1KA,2001.09,F,Dollars,6
647,MFGQ.SFA1KA,2001.12,F,Dollars,6
648,MFGQ.SFA1KA,2002.03,F,Dollars,6
649,MFGQ.SFA1KA,2002.06,F,Dollars,6
650,MFGQ.SFA1KA,2002.09,F,Dollars,6
651,MFGQ.SFA1KA,2002.12,F,Dollars,6
652,MFGQ.SFA1KA,2003.03,F,Dollars,6
653,MFGQ.SFA1KA,2003.06,F,Dollars,6
654,MFGQ.SFA1KA,2003.09,F,Dollars,6
655,MFGQ.SFA1KA,2003.12,F,Dollars,6
656,MFGQ.SFA1KA,2004.03,F,Dollars,6
657,MFGQ.SFA1KA,2004.06,F,Dollars,6
658,MFGQ.SFA1KA,2004.09,F,Dollars,6
659,MFGQ.SFA1KA,2004.12,F,Dollars,6
660,MFGQ.SFA1KA,2005.03,F,Dollars,6
661,MFGQ.SFA1KA,2005.06,F,Dollars,6
662,MFGQ.SFA1KA,2005.09,F,Dollars,6
663,MFGQ.SFA1KA,2005.12,F,Dollars,6
664,MFGQ.SFA1KA,2006.03,F,Dollars,6
665,MFGQ.SFA1KA,2006.06,F,Dollars,6
666,MFGQ.SFA1KA,2006.09,F,Dollars,6
667,MFGQ.SFA1KA,2006.12,F,Dollars,6
668,MFGQ.SFA1KA,2007.03,F,Dollars,6
669,MFGQ.SFA1KA,2007.06,F,Dollars,6
670,MFGQ.SFA1KA,2007.09,F,Dollars,6
671,MFGQ.SFA1KA,2007.12,F,Dollars,6
672,MFGQ.SFA1KA,2008.03,F,Dollars,6
673,MFGQ.SFA1KA,2008.06,F,Dollars,6
674,MFGQ.SFA1KA,2008.09,F,Dollars,6
675,MFGQ.SFA1KA,2008.12,F,Dollars,6
676,MFGQ.SFA1KA,2009.03,F,Dollars,6
677,MFGQ.SFA1KA,2009.06,F,Dollars,6
678,MFGQ.SFA1KA,2009.09,F,Dollars,6
679,MFGQ.SFA1KA,2009.12,F,Dollars,6
680,MFGQ.SFA1KA,2010.03,F,Dollars,6
681,MFGQ.SFA1KA,2010.06,F,Dollars,6
682,MFGQ.SFA1KA,2010.09,F,Dollars,6
683,MFGQ.SFA1KA,2010.12,F,Dollars,6
684,MFGQ.SFA1KA,2011.03,F,Dollars,6
685,MFGQ.SFA1KA,2011.06,F,Dollars,6
686,MFGQ.SFA1KA,2011.09,F,Dollars,6
687,MFGQ.SFA1KA,2011.12,F,Dollars,6
688,MFGQ.SFA1KA,2012.03,F,Dollars,6
689,MFGQ.SFA1KA,2012.06,F,Dollars,6
690,MFGQ.SFA1KA,2012.09,F,Dollars,6
691,MFGQ.SFA1KA,2012.12,F,Dollars,6
692,MFGQ.SFA1KA,2013.03,F,Dollars,6
693,MFGQ.SFA1KA,2013.06,F,Dollars,6
694,MFGQ.SFA1KA,2013.09,F,Dollars,6
695,MFGQ.SFA1KA,2013.12,F,Dollars,6
696,MFGQ.SFA1KA,2014.03,F,Dollars,6
697,MFGQ.SFA1KA,2014.06,F,Dollars,6
698,MFGQ.SFA1KA,2014.09,F,Dollars,6
699,MFGQ.SFA1KA,2014.12,F,Dollars,6
700,MFGQ.SFA1KA,2015.03,F,Dollars,6
701,MFGQ.SFA1KA,2015.06,F,Dollars,6
702,MFGQ.SFA1KA,2015.09,F,Dollars,6
703,MFGQ.SFA1KA,2015.12,F,Dollars,6
704,MFGQ.SFA1KA,2016.03,F,Dollars,6
705,MFGQ.SFA1KA,2016.06,F,Dollars,6
706,MFGQ.SFA1KA,2016.09,F,Dollars,6
707,MFGQ.SFA1KA,2016.12,F,Dollars,6
708,MFGQ.SFA1KA,2017.03,F,Dollars,6
709,MFGQ.SFA1KA,2017.06,F,Dollars,6
710,MFGQ.SFA1KA,2017.09,F,Dollars,6
711,MFGQ.SFA1KA,2017.12,F,Dollars,6
712,MFGQ.SFA1KA,2018.03,F,Dollars,6
713,MFGQ.SFA1KA,2018.06,F,Dollars,6
714,MFGQ.SFA1KA,2018.09,F,Dollars,6
715,MFGQ.SFA1KA,2018.12,F,Dollars,6
716,MFGQ.SFA1KA,2019.03,F,Dollars,6
717,MFGQ.SFA1KA,2019.06,F,Dollars,6
718,MFGQ.SFA1KA,2019.09,F,Dollars,6
719,MFGQ.SFA1KA,2019.12,F,Dollars,6
720,MFGQ.SFA1KA,2020.03,F,Dollars,6
721,MFGQ.SFA1KA,2020.06,F,Dollars,6
722,MFGQ.SFA1KA,2020.09,F,Dollars,6
723,MFGQ.SFA1KA,2020.12,F,Dollars,6
724,MFGQ.SFA1KA,2021.03,F,Dollars,6
725,MFGQ.SFA1KA,2021.06,F,Dollars,6
726,MFGQ.SFA1KA,2021.09,F,Dollars,6
727,MFGQ.SFA1KA,2021.12,F,Dollars,6
728,MFGQ.SFA1KA,2022.03,F,Dollars,6
729,MFGQ.SFA1KA,2022.06,F,Dollars,6
730,MFGQ.SFA1KA,2022.09,F,Dollars,6
731,MFGQ.SFA1KA,2022.12,F,Dollars,6
732,MFGQ.SFA1KA,2023.03,F,Dollars,6
733,MFGQ.SFA1KA,2023.06,F,Dollars,6
734,MFGQ.SFA1KA,2023.09,F,Dollars,6
735,MFGQ.SFA1KA,2023.12,F,Dollars,6
736,MFGQ.SFA1KA,2024.03,F,Dollars,6
737,MFGQ.SFA1KAAC,1995.06,F,PERCENT,0
738,MFGQ.SFA1KAAC,1995.09,F,PERCENT,0
739,MFGQ.SFA1KAAC,1995.12,F,PERCENT,0
740,MFGQ.SFA1KAAC,1996.03,F,PERCENT,0
741,MFGQ.SFA1KAAC,1996.06,F,PERCENT,0
742,MFGQ.SFA1KAAC,1996.09,F,PERCENT,0
743,MFGQ.SFA1KAAC,1996.12,F,PERCENT,0
744,MFGQ.SFA1KAAC,1997.03,F,PERCENT,0
745,MFGQ.SFA1KAAC,1997.06,F,PERCENT,0
746,MFGQ.SFA1KAAC,1997.09,F,PERCENT,0
747,MFGQ.SFA1KAAC,1997.12,F,PERCENT,0
748,MFGQ.SFA1KAAC,1998.03,F,PERCENT,0
749,MFGQ.SFA1KAAC,1998.06,F,PERCENT,0
750,MFGQ.SFA1KAAC,1998.09,F,PERCENT,0
751,MFGQ.SFA1KAAC,1998.12,F,PERCENT,0
752,MFGQ.SFA1KAAC,1999.03,F,PERCENT,0
753,MFGQ.SFA1KAAC,1999.06,F,PERCENT,0
754,MFGQ.SFA1KAAC,1999.09,F,PERCENT,0
755,MFGQ.SFA1KAAC,1999.12,F,PERCENT,0
756,MFGQ.SFA1KAAC,2000.03,F,PERCENT,0
757,MFGQ.SFA1KAAC,2000.06,F,PERCENT,0
758,MFGQ.SFA1KAAC,2000.09,F,PERCENT,0
759,MFGQ.SFA1KAAC,2000.12,F,PERCENT,0
760,MFGQ.SFA1KAAC,2001.03,F,PERCENT,0
761,MFGQ.SFA1KAAC,2001.06,F,PERCENT,0
762,MFGQ.SFA1KAAC,2001.09,F,PERCENT,0
763,MFGQ.SFA1KAAC,2001.12,F,PERCENT,0
764,MFGQ.SFA1KAAC,2002.03,F,PERCENT,0
765,MFGQ.SFA1KAAC,2002.06,F,PERCENT,0
766,MFGQ.SFA1KAAC,2002.09,F,PERCENT,0
767,MFGQ.SFA1KAAC,2002.12,F,PERCENT,0
768,MFGQ.SFA1KAAC,2003.03,F,PERCENT,0
769,MFGQ.SFA1KAAC,2003.06,F,PERCENT,0
770,MFGQ.SFA1KAAC,2003.09,F,PERCENT,0
771,MFGQ.SFA1KAAC,2003.12,F,PERCENT,0
772,MFGQ.SFA1KAAC,2004.03,F,PERCENT,0
773,MFGQ.SFA1KAAC,2004.06,F,PERCENT,0
774,MFGQ.SFA1KAAC,2004.09,F,PERCENT,0
775,MFGQ.SFA1KAAC,2004.12,F,PERCENT,0
776,MFGQ.SFA1KAAC,2005.03,F,PERCENT,0
777,MFGQ.SFA1KAAC,2005.06,F,PERCENT,0
778,MFGQ.SFA1KAAC,2005.09,F,PERCENT,0
779,MFGQ.SFA1KAAC,2005.12,F,PERCENT,0
780,MFGQ.SFA1KAAC,2006.03,F,PERCENT,0
781,MFGQ.SFA1KAAC,2006.06,F,PERCENT,0
782,MFGQ.SFA1KAAC,2006.09,F,PERCENT,0
783,MFGQ.SFA1KAAC,2006.12,F,PERCENT,0
784,MFGQ.SFA1KAAC,2007.03,F,PERCENT,0
785,MFGQ.SFA1KAAC,2007.06,F,PERCENT,0
786,MFGQ.SFA1KAAC,2007.09,F,PERCENT,0
787,MFGQ.SFA1KAAC,2007.12,F,PERCENT,0
788,MFGQ.SFA1KAAC,2008.03,F,PERCENT,0
789,MFGQ.SFA1KAAC,2008.06,F,PERCENT,0
790,MFGQ.SFA1KAAC,2008.09,F,PERCENT,0
791,MFGQ.SFA1KAAC,2008.12,F,PERCENT,0
792,MFGQ.SFA1KAAC,2009.03,F,PERCENT,0
793,MFGQ.SFA1KAAC,2009.06,F,PERCENT,0
794,MFGQ.SFA1KAAC,2009.09,F,PERCENT,0
795,MFGQ.SFA1KAAC,2009.12,F,PERCENT,0
796,MFGQ.SFA1KAAC,2010.03,F,PERCENT,0
797,MFGQ.SFA1KAAC,2010.06,F,PERCENT,0
798,MFGQ.SFA1KAAC,2010.09,F,PERCENT,0
799,MFGQ.SFA1KAAC,2010.12,F,PERCENT,0
800,MFGQ.SFA1KAAC,2011.03,F,PERCENT,0
801,MFGQ.SFA1KAAC,2011.06,F,PERCENT,0
802,MFGQ.SFA1KAAC,2011.09,F,PERCENT,0
803,MFGQ.SFA1KAAC,2011.12,F,PERCENT,0
804,MFGQ.SFA1KAAC,2012.03,F,PERCENT,0
805,MFGQ.SFA1KAAC,2012.06,F,PERCENT,0
806,MFGQ.SFA1KAAC,2012.09,F,PERCENT,0
807,MFGQ.SFA1KAAC,2012.12,F,PERCENT,0
808,MFGQ.SFA1KAAC,2013.03,F,PERCENT,0
809,MFGQ.SFA1KAAC,2013.06,F,PERCENT,0
810,MFGQ.SFA1KAAC,2013.09,F,PERCENT,0
811,MFGQ.SFA1KAAC,2013.12,F,PERCENT,0
812,MFGQ.SFA1KAAC,2014.03,F,PERCENT,0
813,MFGQ.SFA1KAAC,2014.06,F,PERCENT,0
814,MFGQ.SFA1KAAC,2014.09,F,PERCENT,0
815,MFGQ.SFA1KAAC,2014.12,F,PERCENT,0
816,MFGQ.SFA1KAAC,2015.03,F,PERCENT,0
817,MFGQ.SFA1KAAC,2015.06,F,PERCENT,0
818,MFGQ.SFA1KAAC,2015.09,F,PERCENT,0
819,MFGQ.SFA1KAAC,2015.12,F,PERCENT,0
820,MFGQ.SFA1KAAC,2016.03,F,PERCENT,0
821,MFGQ.SFA1KAAC,2016.06,F,PERCENT,0
822,MFGQ.SFA1KAAC,2016.09,F,PERCENT,0
823,MFGQ.SFA1KAAC,2016.12,F,PERCENT,0
824,MFGQ.SFA1KAAC,2017.03,F,PERCENT,0
825,MFGQ.SFA1KAAC,2017.06,F,PERCENT,0
826,MFGQ.SFA1KAAC,2017.09,F,PERCENT,0
827,MFGQ.SFA1KAAC,2017.12,F,PERCENT,0
828,MFGQ.SFA1KAAC,2018.03,F,PERCENT,0
829,MFGQ.SFA1KAAC,2018.06,F,PERCENT,0
830,MFGQ.SFA1KAAC,2018.09,F,PERCENT,0
831,MFGQ.SFA1KAAC,2018.12,F,PERCENT,0
832,MFGQ.SFA1KAAC,2019.03,F,PERCENT,0
833,MFGQ.SFA1KAAC,2019.06,F,PERCENT,0
834,MFGQ.SFA1KAAC,2019.09,F,PERCENT,0
835,MFGQ.SFA1KAAC,2019.12,F,PERCENT,0
836,MFGQ.SFA1KAAC,2020.03,F,PERCENT,0
837,MFGQ.SFA1KAAC,2020.06,F,PERCENT,0
838,MFGQ.SFA1KAAC,2020.09,F,PERCENT,0
839,MFGQ.SFA1KAAC,2020.12,F,PERCENT,0
840,MFGQ.SFA1KAAC,2021.03,F,PERCENT,0
841,MFGQ.SFA1KAAC,2021.06,F,PERCENT,0
842,MFGQ.SFA1KAAC,2021.09,F,PERCENT,0
843,MFGQ.SFA1KAAC,2021.12,F,PERCENT,0
844,MFGQ.SFA1KAAC,2022.03,F,PERCENT,0
845,MFGQ.SFA1KAAC,2022.06,F,PERCENT,0
846,MFGQ.SFA1KAAC,2022.09,F,PERCENT,0
847,MFGQ.SFA1KAAC,2022.12,F,PERCENT,0
848,MFGQ.SFA1KAAC,2023.03,F,PERCENT,0
849,MFGQ.SFA1KAAC,2023.06,F,PERCENT,0
850,MFGQ.SFA1KAAC,2023.09,F,PERCENT,0
851,MFGQ.SFA1KAAC,2023.12,F,PERCENT,0
852,MFGQ.SFA1KAAC,2024.03,F,PERCENT,0
853,MFGQ.SFA1KS,1994.06,C,Dollars,6
854,MFGQ.SFA1KS,1994.09,C,Dollars,6
855,MFGQ.SFA1KS,1994.12,C,Dollars,6
856,MFGQ.SFA1KS,1995.03,R,Dollars,6
857,MFGQ.SFA1KS,1995.06,R,Dollars,6
858,MFGQ.SFA1KS,1995.09,R,Dollars,6
859,MFGQ.SFA1KS,1995.12,R,Dollars,6
860,MFGQ.SFA1KS,1996.03,R,Dollars,6
861,MFGQ.SFA1KS,1996.06,R,Dollars,6
862,MFGQ.SFA1KS,1996.09,R,Dollars,6
863,MFGQ.SFA1KS,1996.12,R,Dollars,6
864,MFGQ.SFA1KS,1997.03,R,Dollars,6
865,MFGQ.SFA1KS,1997.06,R,Dollars,6
866,MFGQ.SFA1KS,1997.09,R,Dollars,6
867,MFGQ.SFA1KS,1997.12,R,Dollars,6
868,MFGQ.SFA1KS,1998.03,R,Dollars,6
869,MFGQ.SFA1KS,1998.06,R,Dollars,6
870,MFGQ.SFA1KS,1998.09,R,Dollars,6
871,MFGQ.SFA1KS,1998.12,R,Dollars,6
872,MFGQ.SFA1KS,1999.03,R,Dollars,6
873,MFGQ.SFA1KS,1999.06,R,Dollars,6
874,MFGQ.SFA1KS,1999.09,R,Dollars,6
875,MFGQ.SFA1KS,1999.12,R,Dollars,6
876,MFGQ.SFA1KS,2000.03,R,Dollars,6
877,MFGQ.SFA1KS,2000.06,R,Dollars,6
878,MFGQ.SFA1KS,2000.09,R,Dollars,6
879,MFGQ.SFA1KS,2000.12,R,Dollars,6
880,MFGQ.SFA1KS,2001.03,R,Dollars,6
881,MFGQ.SFA1KS,2001.06,R,Dollars,6
882,MFGQ.SFA1KS,2001.09,R,Dollars,6
883,MFGQ.SFA1KS,2001.12,R,Dollars,6
884,MFGQ.SFA1KS,2002.03,R,Dollars,6
885,MFGQ.SFA1KS,2002.06,R,Dollars,6
886,MFGQ.SFA1KS,2002.09,R,Dollars,6
887,MFGQ.SFA1KS,2002.12,R,Dollars,6
888,MFGQ.SFA1KS,2003.03,R,Dollars,6
889,MFGQ.SFA1KS,2003.06,R,Dollars,6
890,MFGQ.SFA1KS,2003.09,R,Dollars,6
891,MFGQ.SFA1KS,2003.12,R,Dollars,6
892,MFGQ.SFA1KS,2004.03,R,Dollars,6
893,MFGQ.SFA1KS,2004.06,R,Dollars,6
894,MFGQ.SFA1KS,2004.09,R,Dollars,6
895,MFGQ.SFA1KS,2004.12,R,Dollars,6
896,MFGQ.SFA1KS,2005.03,R,Dollars,6
897,MFGQ.SFA1KS,2005.06,R,Dollars,6
898,MFGQ.SFA1KS,2005.09,R,Dollars,6
899,MFGQ.SFA1KS,2005.12,R,Dollars,6
900,MFGQ.SFA1KS,2006.03,R,Dollars,6
901,MFGQ.SFA1KS,2006.06,R,Dollars,6
902,MFGQ.SFA1KS,2006.09,R,Dollars,6
903,MFGQ.SFA1KS,2006.12,R,Dollars,6
904,MFGQ.SFA1KS,2007.03,R,Dollars,6
905,MFGQ.SFA1KS,2007.06,R,Dollars,6
906,MFGQ.SFA1KS,2007.09,R,Dollars,6
907,MFGQ.SFA1KS,2007.12,R,Dollars,6
908,MFGQ.SFA1KS,2008.03,R,Dollars,6
909,MFGQ.SFA1KS,2008.06,R,Dollars,6
910,MFGQ.SFA1KS,2008.09,R,Dollars,6
911,MFGQ.SFA1KS,2008.12,R,Dollars,6
912,MFGQ.SFA1KS,2009.03,R,Dollars,6
913,MFGQ.SFA1KS,2009.06,R,Dollars,6
914,MFGQ.SFA1KS,2009.09,R,Dollars,6
915,MFGQ.SFA1KS,2009.12,R,Dollars,6
916,MFGQ.SFA1KS,2010.03,R,Dollars,6
917,MFGQ.SFA1KS,2010.06,R,Dollars,6
918,MFGQ.SFA1KS,2010.09,R,Dollars,6
919,MFGQ.SFA1KS,2010.12,R,Dollars,6
920,MFGQ.SFA1KS,2011.03,R,Dollars,6
921,MFGQ.SFA1KS,2011.06,R,Dollars,6
922,MFGQ.SFA1KS,2011.09,R,Dollars,6
923,MFGQ.SFA1KS,2011.12,R,Dollars,6
924,MFGQ.SFA1KS,2012.03,R,Dollars,6
925,MFGQ.SFA1KS,2012.06,R,Dollars,6
926,MFGQ.SFA1KS,2012.09,R,Dollars,6
927,MFGQ.SFA1KS,2012.12,R,Dollars,6
928,MFGQ.SFA1KS,2013.03,R,Dollars,6
929,MFGQ.SFA1KS,2013.06,R,Dollars,6
930,MFGQ.SFA1KS,2013.09,R,Dollars,6
931,MFGQ.SFA1KS,2013.12,R,Dollars,6
932,MFGQ.SFA1KS,2014.03,R,Dollars,6
933,MFGQ.SFA1KS,2014.06,R,Dollars,6
934,MFGQ.SFA1KS,2014.09,R,Dollars,6
935,MFGQ.SFA1KS,2014.12,R,Dollars,6
936,MFGQ.SFA1KS,2015.03,R,Dollars,6
937,MFGQ.SFA1KS,2015.06,R,Dollars,6
938,MFGQ.SFA1KS,2015.09,R,Dollars,6
939,MFGQ.SFA1KS,2015.12,R,Dollars,6
940,MFGQ.SFA1KS,2016.03,R,Dollars,6
941,MFGQ.SFA1KS,2016.06,R,Dollars,6
942,MFGQ.SFA1KS,2016.09,R,Dollars,6
943,MFGQ.SFA1KS,2016.12,R,Dollars,6
944,MFGQ.SFA1KS,2017.03,R,Dollars,6
945,MFGQ.SFA1KS,2017.06,R,Dollars,6
946,MFGQ.SFA1KS,2017.09,R,Dollars,6
947,MFGQ.SFA1KS,2017.12,R,Dollars,6
948,MFGQ.SFA1KS,2018.03,R,Dollars,6
949,MFGQ.SFA1KS,2018.06,R,Dollars,6
950,MFGQ.SFA1KS,2018.09,R,Dollars,6
951,MFGQ.SFA1KS,2018.12,R,Dollars,6
952,MFGQ.SFA1KS,2019.03,R,Dollars,6
953,MFGQ.SFA1KS,2019.06,R,Dollars,6
954,MFGQ.SFA1KS,2019.09,R,Dollars,6
955,MFGQ.SFA1KS,2019.12,R,Dollars,6
956,MFGQ.SFA1KS,2020.03,R,Dollars,6
957,MFGQ.SFA1KS,2020.06,R,Dollars,6
958,MFGQ.SFA1KS,2020.09,R,Dollars,6
959,MFGQ.SFA1KS,2020.12,R,Dollars,6
960,MFGQ.SFA1KS,2021.03,R,Dollars,6
961,MFGQ.SFA1KS,2021.06,R,Dollars,6
962,MFGQ.SFA1KS,2021.09,R,Dollars,6
963,MFGQ.SFA1KS,2021.12,R,Dollars,6
964,MFGQ.SFA1KS,2022.03,R,Dollars,6
965,MFGQ.SFA1KS,2022.06,R,Dollars,6
966,MFGQ.SFA1KS,2022.09,R,Dollars,6
967,MFGQ.SFA1KS,2022.12,R,Dollars,6
968,MFGQ.SFA1KS,2023.03,R,Dollars,6
969,MFGQ.SFA1KS,2023.06,R,Dollars,6
970,MFGQ.SFA1KS,2023.09,R,Dollars,6
971,MFGQ.SFA1KS,2023.12,R,Dollars,6
972,MFGQ.SFA1KS,2024.03,F,Dollars,6
973,MFGQ.SFA1KSPC,1995.06,R,PERCENT,0
974,MFGQ.SFA1KSPC,1995.09,R,PERCENT,0
975,MFGQ.SFA1KSPC,1995.12,R,PERCENT,0
976,MFGQ.SFA1KSPC,1996.03,R,PERCENT,0
977,MFGQ.SFA1KSPC,1996.06,R,PERCENT,0
978,MFGQ.SFA1KSPC,1996.09,R,PERCENT,0
979,MFGQ.SFA1KSPC,1996.12,R,PERCENT,0
980,MFGQ.SFA1KSPC,1997.03,R,PERCENT,0
981,MFGQ.SFA1KSPC,1997.06,R,PERCENT,0
982,MFGQ.SFA1KSPC,1997.09,R,PERCENT,0
983,MFGQ.SFA1KSPC,1997.12,R,PERCENT,0
984,MFGQ.SFA1KSPC,1998.03,R,PERCENT,0
985,MFGQ.SFA1KSPC,1998.06,R,PERCENT,0
986,MFGQ.SFA1KSPC,1998.09,R,PERCENT,0
987,MFGQ.SFA1KSPC,1998.12,R,PERCENT,0
988,MFGQ.SFA1KSPC,1999.03,R,PERCENT,0
989,MFGQ.SFA1KSPC,1999.06,R,PERCENT,0
990,MFGQ.SFA1KSPC,1999.09,R,PERCENT,0
991,MFGQ.SFA1KSPC,1999.12,R,PERCENT,0
992,MFGQ.SFA1KSPC,2000.03,R,PERCENT,0
993,MFGQ.SFA1KSPC,2000.06,R,PERCENT,0
994,MFGQ.SFA1KSPC,2000.09,R,PERCENT,0
995,MFGQ.SFA1KSPC,2000.12,R,PERCENT,0
996,MFGQ.SFA1KSPC,2001.03,R,PERCENT,0
997,MFGQ.SFA1KSPC,2001.06,R,PERCENT,0
998,MFGQ.SFA1KSPC,2001.09,R,PERCENT,0
999,MFGQ.SFA1KSPC,2001.12,R,PERCENT,0
